{
  "version": "2.4.0",
  "timestamp": "2025-12-07T18:09:24.028852",
  "ontologia": {
    "ECV": {
      "epsilon": 0.012,
      "z_trans": 8.9
    },
    "MCV": {
      "alpha_r": 0.35,
      "r_star": 1.8
    },
    "friction": {
      "eta_0": 0.15,
      "gamma": 1.5
    }
  },
  "resumen": {
    "total_tests": 8,
    "tests_pasados": 8,
    "porcentaje": "100%"
  },
  "criterios": {
    "sne_chi2_red": false,
    "sne_competitivo": true,
    "sparc_mejor_nfw": true,
    "sparc_mejora_40": true,
    "gaia_mejor_nfw": true,
    "gaia_mejor_flat": true,
    "r_core_rango": true
  },
  "BAO": {
    "chi2_ecv": 53.63469726856347,
    "chi2_lcdm": 54.33894783498353,
    "chi2_red_ecv": 1.8494723196056368,
    "chi2_red_lcdm": 1.8737568218959837,
    "n_puntos": 31,
    "mejora_percent": 1.2960327619127354,
    "passed": true
  },
  "SNe": {
    "chi2_ecv": 191.11704435090743,
    "chi2_lcdm": 205.1334009892725,
    "chi2_red_ecv": 8.6871383795867,
    "chi2_red_lcdm": 9.324245499512386,
    "n_puntos": 24,
    "mejora_percent": 6.832800787570454,
    "passed": true
  },
  "H0_tension": {
    "H0_SH0ES": 73.04,
    "H0_Planck": 67.36,
    "H0_ECV_eff": 67.63615837789608,
    "Lambda_rel_0": 1.0119998315075904,
    "sigma_LCDM": 4.8470939579172,
    "sigma_ECV": 4.611430999303061,
    "reduccion_percent": 4.8619432728183245,
    "passed": true
  },
  "SPARC": {
    "chi2_NFW": 269.27429350064443,
    "chi2_MCV": 84.26837830512117,
    "n_galaxias": 5,
    "n_puntos": 57,
    "mejora_percent": 68.70537576773198,
    "resultados": [
      {
        "galaxia": "DDO 154",
        "V_flat": 47,
        "S_loc": 0.7440086915066377,
        "rho_scale": 1.1563871461678958,
        "r_s": 3.3133953306427824,
        "rho_0": 10264099.518693484,
        "chi2_NFW": 40.79611051081466,
        "chi2_MCMC": 1.3682124111693215,
        "mejora": 96.64621848985671
      },
      {
        "galaxia": "DDO 168",
        "V_flat": 55,
        "S_loc": 0.38519001918517176,
        "rho_scale": 1.8417541291614876,
        "r_s": 2.810590085883339,
        "rho_0": 19916826.76298257,
        "chi2_NFW": 24.274648993989974,
        "chi2_MCMC": 0.5790876673929318,
        "mejora": 97.6144344351331
      },
      {
        "galaxia": "IC 2574",
        "V_flat": 67,
        "S_loc": 1.5,
        "rho_scale": 1.4724123384343677,
        "r_s": 3.948222038857477,
        "rho_0": 10589929.566984631,
        "chi2_NFW": 23.62105431241488,
        "chi2_MCMC": 1.1989779459620404,
        "mejora": 94.92411333506027
      },
      {
        "galaxia": "NGC 2403",
        "V_flat": 136,
        "S_loc": 1.5,
        "rho_scale": 5.8869518852245415,
        "r_s": 3.948222038857477,
        "rho_0": 42340317.451458365,
        "chi2_NFW": 167.53388173812104,
        "chi2_MCMC": 19.120498007333932,
        "mejora": 88.58708590228814
      },
      {
        "galaxia": "NGC 3198",
        "V_flat": 150,
        "S_loc": 1.5,
        "rho_scale": 5.587278863043387,
        "r_s": 3.948222038857477,
        "rho_0": 40184999.871466964,
        "chi2_NFW": 13.048597945303868,
        "chi2_MCMC": 62.001602273262954,
        "mejora": -375.1591131335076
      }
    ],
    "passed": true
  },
  "GAIA": {
    "R_sol": 8.178,
    "V_sol": 220.0,
    "S_loc": 0.2,
    "r_s": 6.077262343458991,
    "rho_0": 43271660.47762365,
    "chi2_flat": 16.893125,
    "chi2_NFW": 10.420899242836837,
    "chi2_MCV": 4.129398297711409,
    "mejora_vs_NFW": 60.373877517816965,
    "mejora_vs_flat": 75.55574650805336,
    "rho_DM_local": 0.013,
    "passed": true
  },
  "S8_tension": {
    "S8_Planck": 0.832,
    "S8_DES": 0.776,
    "S8_KiDS": 0.759,
    "S8_MCV": 0.8214759399469596,
    "eta_eff": 0.012649110640673518,
    "sigma_DES_LCDM": 2.6167081556895844,
    "sigma_DES_MCV": 2.124951124051052,
    "sigma_KiDS_LCDM": 2.674513064882686,
    "sigma_KiDS_MCV": 2.288941337383144,
    "reduccion_DES": 18.792964380429314,
    "reduccion_KiDS": 14.416520620603313,
    "passed": true
  },
  "edad_universo": {
    "t0_Planck": 13.797,
    "t0_LCDM": 13.800290298336193,
    "t0_ECV": 13.775659802728292,
    "diff_Gyr": 0.02134019727170866,
    "sigma": 0.927834663987333,
    "passed": true
  },
  "bloques": {
    "tests_pasados": 5,
    "tests_total": 5,
    "porcentaje": 100.0,
    "passed": true
  }
}